1,ELIŠKA
2,TEREZA
3,ADÉLA
4,NATÁLIE
5,ANNA
6,KAROLÍNA
7,KATEŘINA
8,LUCIE
9,BARBORA
10,VERONIKA
11,KRISTÝNA
12,NELA
13,SOFIE
14,KLÁRA
15,VIKTORIE
16,EMA
17,ANETA
18,NIKOLA
19,MICHAELA
20,ZUZANA
21,JULIE
22,MARIE
23,SÁRA
24,LAURA
25,MARKÉTA
26,VANESA
27,ANEŽKA
28,AMÁLIE
29,DENISA
30,NIKOL
31,SIMONA
32,GABRIELA
33,JANA
34,DOMINIKA
35,ALŽBĚTA
36,EVA
37,ANDREA
38,EMMA
39,MONIKA
40,HANA
41,MAGDALÉNA
42,ELLA
43,DANIELA
44,VENDULA
45,LENKA
46,ELEN
47,JOHANA
48,ADRIANA
49,PETRA
50,SABINA
51,ŠÁRKA
52,VANESSA
53,LINDA
54,MARTINA
55,ALENA
56,AGÁTA
57,ELENA
58,ROZÁLIE
59,VALERIE
60,BÁRA
61,TEREZIE
62,ŠTĚPÁNKA
63,MAGDALENA
64,NICOL
65,ALICE
66,KAMILA
67,ESTER
68,NELLA
69,HELENA
70,BEÁTA
71,JUSTÝNA
72,PAVLÍNA
73,LILIANA
74,ALEXANDRA
75,KLAUDIE
76,LEONTÝNA
77,JOLANA
78,STELLA
79,MARIANA
80,NINA
81,PATRICIE
82,VALENTÝNA
83,DIANA
84,DOROTA
85,STELA
86,IZABELA
87,MIA
88,ELA
89,VALÉRIE
90,ŠARLOTA
91,ELLEN
92,SANDRA
93,KRISTINA
94,AMÉLIE
95,NELLY
96,SOŇA
97,LEONA
98,PAVLA
99,JOSEFÍNA
100,LEA