1,Jakub
2,Jan
3,Tomáš
4,Filip
5,Ondřej
6,Matyáš
7,Lukáš
8,Adam
9,Matěj
10-11,Dominik
10-11,Vojtěch
12,Martin
13,David
14,Daniel
15,Šimon
16,Antonín
17,Václav
18,Michal
19-20,Jiří
19-20,Kryštof
21-22,Marek
21-22,Petr
23,Štěpán
24,Josef
25,Samuel
26,František
27,Tobiáš
28-29,Pavel
28-29,Tadeáš
30,Patrik
31,Mikuláš
32,Sebastian
33,Jonáš
34-35,Michael
34-35,Miroslav
36,Jáchym
37-38,Oliver
37-38,Richard
39,Jaroslav
40,Viktor
41-42,Jindřich
41-42,Kristián
43,Karel
44-45,Matouš
44-45,Vít
46,Maxmilián
47,Alex
48,Denis
49-50,Max
49-50,Radek
51,Eliáš
52-55,Vincent
52-55,Teodor
52-55,Nikolas
52-55,Alexandr
56,Eduard
57-58,Milan
57-58,Roman
59-62,Radim
59-62,Tobias
59-62,Nicolas
59-62,Robin
63,Vladimír
64-68,Vilém
64-68,Sebastián
64-68,Maxim
64-68,Albert
64-68,Ladislav
69-72,Stanislav
69-72,Robert
69-72,Jaromír
69-72,Erik
73-75,Prokop
73-75,Vítek
73-75,Kevin
76-77,Zdeněk
76-77,Dan
76-77,Aleš
79-84,Sebastien
79-84,Oskar
79-84,Adrian
79-84,Hugo
79-84,Damián
79-84,Gabriel
85-87,Matteo
85-87,Hynek
85-87,Kristian
88-91,Lucas
88-91,Rostislav
88-91,Alois
88-91,Christian
92-101,Matyas
92-101,Vítězslav
92-101,Rudolf
92-101,Darek
92-101,Bruno
92-101,Benjamin
92-101,Alfréd
92-101,Dalibor
92-101,Artur
92-101,Andreas
102-116,Mateo
102-116,Miloš
102-116,Thomas
102-116,Maxmilian
102-116,Vojta
102-116,Marián
102-116,Theodor
102-116,Mario
102-116,Ivan
102-116,Damian
102-116,Jozef
102-116,Janek
102-116,Igor
102-116,Čeněk
102-116,Alexander
117-131,Marian
117-131,Štefan
117-131,Mikoláš
117-131,Oldřich
117-131,Maksym
117-131,René
117-131,William
117-131,Gia Bao
117-131,Edward
117-131,Hubert
117-131,Lubomír
117-131,Artem
117-131,Benedikt
117-131,Luboš
117-131,Emil
132-164,Markus
132-164,Vendelín
132-164,Otakar
132-164,Marcel
132-164,Vladislav
132-164,Metoděj
132-164,Teo
132-164,Vlastimil
132-164,Ludvík
132-164,Marcus
132-164,Matias
132-164,Simon
132-164,Nataniel
132-164,Ota
132-164,Lukáš František
132-164,Zbyněk
132-164,Jeroným
132-164,Daniil
132-164,Gia Huy
132-164,Charles
132-164,Adrien
132-164,Benjamín
132-164,Attila
132-164,Bohumil
132-164,Hoang Anh
132-164,Joseph
132-164,Kvido
132-164,Duc Anh
132-164,Leon
132-164,Juraj
132-164,Arnošt
132-164,Boris
132-164,Fabián
165-517,Trong Tiep
165-517,Taigo Ryu
165-517,Vojtěch Alim
165-517,Nikita
165-517,Timmy
165-517,Maxiam
165-517,Mathias
165-517,Sven
165-517,Nikolas Adrian
165-517,Theodor Jan
165-517,Noel
165-517,Tom
165-517,Noem
165-517,Vasyl
165-517,Miloslav
165-517,Vladan
165-517,Marco Samuel
165-517,Zack George
165-517,Omar
165-517,Natan
165-517,Ondráš
165-517,Teodorov Aleks
165-517,Mergen
165-517,Thomas Karl
165-517,Ondřej Jiří
165-517,Tobias Robin
165-517,Ondřej Nicolas
165-517,Tomáš Josef
165-517,Ondřej Tadeáš
165-517,Tyler
165-517,Matteo Samuel
165-517,Martin Evžen
165-517,Minh Khnag
165-517,Nhat Minh
165-517,Minh Thanh
165-517,Nicolae
165-517,Oto
165-517,Ničervan
165-517,Otto
165-517,Svatopluk
165-517,Otto František
165-517,Mark
165-517,Patrick
165-517,Mateo Ivor
165-517,Ludovít
165-517,Nathan
165-517,Patrik Alex
165-517,Theo
165-517,patrik Tobias
165-517,Nathaniel
165-517,Marek Ernest
165-517,Tim
165-517,Pavel Hynek
165-517,Timothy
165-517,Pavel Mario
165-517,Tobiáš Filip
165-517,Pavlo
165-517,Tomáš Daniel
165-517,Pavlos
165-517,Trieu Gia Huy
165-517,Peter
165-517,Tuan Kiet
165-517,Peter Karl
165-517,Uy
165-517,Marek Josef
165-517,Victor Christian
165-517,Petr Jan
165-517,Viktor Daniel
165-517,Petr Maxmilián
165-517,Viliam  Vincent
165-517,Phuc Dang
165-517,Maxime
165-517,Matthew
165-517,Máximo
165-517,Přemysl
165-517,Michal Teodor
165-517,Quang Minh
165-517,Vojtěch Nino
165-517,Quang Tiep
165-517,Yassine
165-517,Quido
165-517,Surafel Begashaw
165-517,Quoc Khanh
165-517,Svatoslav
165-517,Luca Giovanni
165-517,Svyatoslav
165-517,Matthias
165-517,Šimon Pavel
165-517,Radovan
165-517,Mark Sebastian
165-517,Rafael Immanuel
165-517,Tadeáš Valentin
165-517,Rayan
165-517,Tat Tien
165-517,Raymond
165-517,Lukesh
165-517,Reiner
165-517,Thanh An
165-517,Miron
165-517,Michael Timotei
165-517,Ridley
165-517,Theodor Kristián
165-517,Marat
165-517,Thomas Arthur
165-517,Richard Jaroslav
165-517,Thomas Petr
165-517,Matti
165-517,Timafey
165-517,Mohammad Sadra
165-517,Timofej
165-517,Mojmír
165-517,Max Samuel
165-517,Roman Karel
165-517,Markus Marcel
165-517,Miguel
165-517,Tobiáš Jiří
165-517,Roy Anthony
165-517,Marley Samuel
165-517,Maksim
165-517,Tomáš James
165-517,Rui
165-517,Tony
165-517,Rui Jun
165-517,Trong Minh Phuoc
165-517,Ryuhi
165-517,Trong Tri
165-517,Michael Jan
165-517,Tuvia
165-517,Samuel Erwin
165-517,Tymofij
165-517,Samuel Pavel
165-517,Nazar
165-517,Samuil
165-517,Nhat duc
165-517,Santiago
165-517,Vigo
165-517,Luong Mai Lam
165-517,Viktor Dan
165-517,Matyáš František
165-517,Viktor Eduard
165-517,Sebastian Orin
165-517,Viliam
165-517,Sebastian Stanley
165-517,Villiam
165-517,Zachariáš
165-517,Martin Leonardo
165-517,Mikeš
165-517,Michal Lukáš
165-517,Munkhitgel
165-517,Vladimir
165-517,Serchio
165-517,Vladimír Mladen
165-517,Simir
165-517,Matouš Jindra
165-517,Mykhailo
165-517,Luis Rafael
165-517,Skyler Matyáš
165-517,Vojtěch Jan
165-517,Matyáš Josef
165-517,Vojtěch Pavel
165-517,Stefan Stefanov
165-517,Yann
165-517,Stefan Vlad
165-517,Yubo
165-517,Stefano Orlando
165-517,Nik
165-517,Sultan
165-517,Matyáš Jan
165-517,Zoltán
165-517,Sebastyan Costel
165-517,Sem Johannes
165-517,Jesper
165-517,Ivo
165-517,Kristian Nikolas
165-517,Damián Zdeněk
165-517,Jan Ivo
165-517,Damien
165-517,Julius
165-517,Damien Alex
165-517,Leoš
165-517,An Huy
165-517,Jakub Jan
165-517,Anas
165-517,Alexandr Maxim
165-517,Daniel Eduardo
165-517,Bohdan
165-517,Adolf
165-517,Khac Tuan Anh
165-517,Daniyar
165-517,Kryštoš Matouš
165-517,Danny
165-517,Bao An
165-517,Andreas Otakar
165-517,Jáchym Čeněk
165-517,Darek Václav
165-517,Bastian
165-517,Darius
165-517,Jan Viliam
165-517,Darrel
165-517,Jeremiáš
165-517,Andrej
165-517,Alexandros
165-517,Demjan
165-517,Josef Vincent
165-517,Andrej Kristián
165-517,Bronislav
165-517,Devid
165-517,Kiril
165-517,Devon Bayly
165-517,Kryšpín
165-517,Diego Dionýsos
165-517,Dalimil
165-517,Dieu Anh
165-517,Loui
165-517,Diviš
165-517,Ismael
165-517,Andrés Lubomír
165-517,Jacob Paul
165-517,Dominik Adam
165-517,Jákob
165-517,Dominik Bartoloměj
165-517,Jakub Michal
165-517,Dominik Ferdinand
165-517,Jan Bivoj
165-517,Dominik Junior
165-517,Jan Matyáš
165-517,Dominik Marek
165-517,Bedřich
165-517,Dominik Prokop
165-517,Jasmin
165-517,Dorian
165-517,Jeroným Iskandar
165-517,Angel
165-517,Jimmy Morris
165-517,Duc Minh
165-517,Joachim Nathan
165-517,Duc Tai
165-517,Josef Jan
165-517,Duc Tri
165-517,Boleslav
165-517,Dustin
165-517,Justin
165-517,Dušan
165-517,Karim
165-517,Duy Kien
165-517,Khudayberdy
165-517,Edgar
165-517,Cyril
165-517,Edi Li
165-517,Kristian Ryan
165-517,Anh Duc
165-517,Kryštof Jakub
165-517,Eduard Petr
165-517,Alvin
165-517,Edvard
165-517,Leonard Jiří
165-517,Anh Dung
165-517,Lionel
165-517,Anh Quan
165-517,Amirhan
165-517,Eliáš Viktor
165-517,Ioannis
165-517,Elijah
165-517,Bao Nam
165-517,Anton
165-517,Jacob
165-517,Enkh-Amar
165-517,Báo Nam
165-517,Enrico
165-517,Jáchym František
165-517,Alex Petr
165-517,Barnabáš
165-517,Eymen
165-517,Jakub Lukáš
165-517,Fabian
165-517,Jakub Samuel
165-517,Antonín Jaroslav
165-517,Ján
165-517,Fedderik
165-517,Jan Hanuš
165-517,Felix
165-517,Jan Karel
165-517,Felix Tatsuo
165-517,Jan Michael
165-517,Fernando
165-517,Jan Vítězslav
165-517,Antonio
165-517,Ben
165-517,Filipe
165-517,Jaroslav Martin
165-517,Finley Harrison
165-517,Jean-Francois
165-517,Finn Christopher
165-517,Alexandr Oliver
165-517,Arinze David
165-517,Jeroným Matěj
165-517,František Petr
165-517,Jiaxiang
165-517,Ario
165-517,Jimram
165-517,Georgij
165-517,Benjamin Jan
165-517,Geralt
165-517,Johan
165-517,Armand
165-517,Alexander Oliver
165-517,Alan
165-517,Josef Kryštof
165-517,Giovanni
165-517,Josef Vitalie
165-517,Giulio
165-517,Alberto
165-517,Gyözö
165-517,Bradley
165-517,Hai
165-517,Karam Ra ed Tahar
165-517,Hai Nam
165-517,Karel Jiří
165-517,Hanuš
165-517,Alfred Francois
165-517,Henri Martin
165-517,Kharlampii
165-517,Henry Dominik
165-517,Kilián
165-517,Hoang
165-517,Bruno David
165-517,Arslen
165-517,Kristián Daniel
165-517,Hoang Dung
165-517,Kristián Patrik
165-517,Horác Albert
165-517,Krystian
165-517,Alexander Joaquín
165-517,Adrián Vladimír
165-517,Alexander Lukas
165-517,Kryštof Jan
165-517,Hung Vuong
165-517,Čestmír
165-517,Huy Tien
165-517,Leo
165-517,Atilla Jiří
165-517,León
165-517,Adam Dominik
165-517,Leopold
165-517,Augustin
165-517,Libor
165-517,Christián
165-517,Lionis
165-517,Christoph
165-517,Ami
165-517,Christopher
165-517,Damian Otto
165-517,Christopher Vojtěch