1,JAKUB
2,MATYÁŠ
3,JAN
4,ADAM
5,MATĚJ
6,VOJTĚCH
7,DOMINIK
8,DAVID
9,TOMÁŠ
10,FILIP
11,DANIEL
12,TOBIÁŠ
13,ONDŘEJ
14,ANTONÍN
15,LUKÁŠ
16,ŠTĚPÁN
17,OLIVER
18,MARTIN
19,ŠIMON
20,MIKULÁŠ
21,SAMUEL
22,VÁCLAV
23,JONÁŠ
24,SEBASTIAN
25,MAREK
26,PETR
27,PATRIK
28,TEODOR
29,JIŘÍ
30,KRYŠTOF
31,TADEÁŠ
32,MICHAL
33-34,JOSEF
33-34,VILÉM
35,VIKTOR
36,ELIÁŠ
37,FRANTIŠEK
38,RICHARD
39,JÁCHYM
40,EDUARD
41,ALBERT
42,ALEX
43,KRISTIÁN
44,VÍT
45-46,MAXMILIÁN
45-46,PAVEL
47,MICHAEL
48,TOBIAS
49,VINCENT
50,JAROSLAV
51,THEODOR
52,NIKOLAS
53,JINDŘICH
54,DAMIÁN
55,MAX
56,KAREL
57,SEBASTIÁN
58,MATOUŠ
59,ROBIN
60,MIROSLAV
61,ARTUR
62,ERIK
63,MATEO
64,HYNEK
65,BENJAMIN
66,MATTEO
67,VÍTEK
68,ROMAN
69,HUGO
70,DENIS
71,MILAN
72,MAXIM
73,RADEK
74,ALEXANDR
75,NICOLAS
76-77,MARK
76-77,MATHIAS
78,DAMIAN
79,ZDENĚK
80,KEVIN
81,LADISLAV
82,THEO
83,ADRIAN
84,STANISLAV
85,BARTOLOMĚJ
86,MATYAS
87,ALFRÉD
88,GABRIEL
89,WILLIAM
90,BRUNO
91,OSKAR
92,KRISTIAN
93,NEZJIŠTĚNO
94,MATIAS
95,ALEŠ
96-98,BENEDIKT
96-98,LUCAS
96-98,VOJTA
99,CHRISTIAN
100-101,BENJAMÍN
100-101,TIMOTEJ